{"learning_rate": 0.014838795629582291, "num_leaves": 300, "max_depth": 218, "num_iteration": 9148, "min_data_in_leaf": 37, "lambda_l1": 0.044808555015701905, "lambda_l2": 0.05919918249240182}