{"learning_rate": 0.013659214896401116, "num_leaves": 234, "max_depth": 245, "num_iteration": 12040, "min_data_in_leaf": 24, "lambda_l1": 0.049157853738295926, "lambda_l2": 0.08773459820363486}