{"learning_rate": 0.021605660684534213, "num_leaves": 65, "max_depth": 388, "num_iteration": 12079, "min_data_in_leaf": 27, "lambda_l1": 0.02391091568781948, "lambda_l2": 0.04133160662285519}