{"learning_rate": 0.013695641363395815, "num_leaves": 209, "max_depth": 465, "num_iteration": 7676, "min_data_in_leaf": 47, "lambda_l1": 0.052981861733190874, "lambda_l2": 0.06326801789475325}