{"learning_rate": 0.039581256982275936, "num_leaves": 290, "max_depth": 362, "num_iteration": 7408, "min_data_in_leaf": 50, "lambda_l1": 0.07608539628314943, "lambda_l2": 0.03353062674656449}