{"learning_rate": 0.04009225091786682, "num_leaves": 277, "max_depth": 452, "num_iteration": 6119, "min_data_in_leaf": 49, "lambda_l1": 0.09406203107332095, "lambda_l2": 0.05334940168165973}