{"learning_rate": 0.010754889383818944, "num_leaves": 221, "max_depth": 207, "num_iteration": 6326, "min_data_in_leaf": 17, "lambda_l1": 0.0945884819043851, "lambda_l2": 0.02159982118966878}