{"learning_rate": 0.028523191745756717, "num_leaves": 299, "max_depth": 364, "num_iteration": 14440, "min_data_in_leaf": 42, "lambda_l1": 0.0130728038352984, "lambda_l2": 0.00795583581533216}