{"learning_rate": 0.021851768492973368, "num_leaves": 62, "max_depth": 355, "num_iteration": 9007, "min_data_in_leaf": 49, "lambda_l1": 0.08400192883479499, "lambda_l2": 0.04810715197422851}